{"4": {"STATE_INIT": [0.0, 0.0, 0.0, 0.0, 0.0], "STATE_CAD": [0.768888241706961, 0.7693103697807588, 0.7677158745059154, 0.7319443494795723, 0.7655041296669163], "STATE_RX": [0.09362769347213254, 0.09315343587458669, 0.09439321125924388, 0.13698616758894525, 0.09764053510076783], "STATE_TX": [0.002527322178582878, 0.0025283104656293374, 0.0031746396460815255, 0.0024095599698134447, 0.002515781536378127], "STATE_PREAMBLE_TX": [0.12439489488089298, 0.12444353840734888, 0.12417188982316384, 0.11859863443378986, 0.12382686402749268], "STATE_SLEEP": [0.010156306398276518, 0.010158645525149019, 0.01013957042403799, 0.009674643626393739, 0.010109000149828802], "STATE_SENSING": [0.0004055413631542779, 0.00040569994652738537, 0.00040481434155754465, 0.0003866449014854442, 0.0004036895186165884]}, "3": {"STATE_INIT": [0.0, 0.0, 0.0, 0.0, 0.0, 0.0, 0.0, 0.0, 0.0], "STATE_CAD": [0.7317659674372038, 0.7301427299397627, 0.727039796744607, 0.7322155347848119, 0.7278178361683417, 0.6946086702960098, 0.7274076638255016, 0.7280093448905824, 0.729976722391275], "STATE_RX": [0.13732542868738484, 0.13863840860117063, 0.13973750430878037, 0.13679003217803165, 0.13800226156131928, 0.17807773870757193, 0.13943451987852964, 0.13863733274375592, 0.13943385734264505], "STATE_TX": [0.0024065369509264317, 0.003021152008199058, 0.0030532263625938703, 0.0024081105434910943, 0.0039747450452502974, 0.0029179070327669857, 0.0030517085991106953, 0.003056331940215824, 0.0024007285718099097], "STATE_PREAMBLE_TX": [0.11844984132784214, 0.11816842102509605, 0.12017836155666772, 0.11852729361442649, 0.12021102694644263, 0.11485204329059409, 0.1201186207097809, 0.12030060052160851, 0.11816395268422122], "STATE_SLEEP": [0.009666065777435789, 0.009644046068437087, 0.009607311853698865, 0.009672616556857052, 0.009610226785468712, 0.009176851521197817, 0.009603878600579568, 0.009612200350310232, 0.009639511220008676], "STATE_SENSING": [0.0003861598192071738, 0.0003852423573346089, 0.0003837991736525614, 0.00038641232238192957, 0.00038390349317764277, 0.000366789151859531, 0.00038360838649777353, 0.00038418955352731367, 0.0003852277900402585]}, "2": {"STATE_INIT": [0.0, 0.0, 0.0, 0.0, 0.0, 0.0, 0.0, 0.0, 0.0, 0.0], "STATE_CAD": [0.7324524339888161, 0.7313892030509553, 0.6946127242923008, 0.6961194634355532, 0.7256097212730899, 0.7287114681727572, 0.7172738947406861, 0.7251951780428361, 0.7223967076561366, 0.6939968250593836], "STATE_RX": [0.13648985597588503, 0.1377041022090719, 0.17801296197366462, 0.17544042319709277, 0.14064763554289425, 0.1402484856104219, 0.14952200037014374, 0.13847531737241975, 0.14191882578361234, 0.17699685746869143], "STATE_TX": [0.0024091941708137303, 0.002406552587177424, 0.0029193547909903347, 0.0038049392660774108, 0.003961872783444818, 0.003017207731440335, 0.0048142881822608235, 0.004001572117598512, 0.003982635918175486, 0.0046810932073988705], "STATE_PREAMBLE_TX": [0.11858062979294445, 0.11845061094471766, 0.11490902865314168, 0.11507547061177761, 0.11982172202387395, 0.11801414578326798, 0.11853691126675465, 0.12235852242548713, 0.12177949865341371, 0.11479352352623552], "STATE_SLEEP": [0.00968129986721183, 0.009663368879833085, 0.009178959150747179, 0.009192200804686298, 0.0095763881598104, 0.009623953299436477, 0.009474348368796674, 0.009586463584374448, 0.009541197706760533, 0.009165098473961651], "STATE_SENSING": [0.0003865862043291134, 0.00038616232824484055, 0.00036697113915551974, 0.000367502684812809, 0.0003826602168869099, 0.0003847394026761254, 0.00037855707135808883, 0.00038294645728402586, 0.0003811342819013607, 0.0003666022643290808]}, "1": {"STATE_INIT": [0.0, 0.0, 0.0, 0.0, 0.0, 0.0], "STATE_CAD": [0.694836155031006, 0.6785802996717354, 0.7032222968067982, 0.6935785451894533, 0.6890837394324434, 0.684891491111455], "STATE_RX": [0.18016308725207986, 0.19231678902616364, 0.16216918757436924, 0.17826140368666202, 0.17763557552480763, 0.1825880355882102], "STATE_TX": [0.0028781308682121203, 0.005138187253218182, 0.006279638681454533, 0.003796811807786451, 0.007589577553719788, 0.007558418592877316], "STATE_PREAMBLE_TX": [0.11257433564322866, 0.11464023313178494, 0.1186727247339417, 0.11482966613966734, 0.11622611613291649, 0.11555919819792088], "STATE_SLEEP": [0.009181286196331732, 0.008965700452242863, 0.009284741216998902, 0.00916685548778608, 0.00910123754040215, 0.009041189952281207], "STATE_SENSING": [0.0003670050091416938, 0.00035879046485516657, 0.0003714109864376512, 0.0003667176886449961, 0.0003637538157106014, 0.00036166655725534117]}, "0": {"STATE_INIT": [0.0, 0.0, 0.0, 0.0], "STATE_CAD": [0.6636454715855069, 0.6496715105549209, 0.7365835147441772, 0.7337412710566685], "STATE_RX": [0.20493438561961522, 0.17457913562792055, 0.12408293023199943, 0.12108885196631777], "STATE_TX": [0.00794962115858966, 0.008690627919082938, 0.005039685876837004, 0.00878038391296257], "STATE_PREAMBLE_TX": [0.11435403588478982, 0.15812548046535357, 0.12417695292580841, 0.12630442596403021], "STATE_SLEEP": [0.008765608544619722, 0.008589574186091159, 0.009728278607249292, 0.00969752201815473], "STATE_SENSING": [0.0003508772068788692, 0.00034367124663083894, 0.0003886376139285443, 0.00038754508186617035]}, "5": {"STATE_INIT": [0.0, 0.0], "STATE_CAD": [0.7691752581345652, 0.7349175196410815], "STATE_RX": [0.09336339237914411, 0.13348340622423555], "STATE_TX": [0.002526769357117084, 0.0024193093814772657], "STATE_PREAMBLE_TX": [0.12436768498707412, 0.1190785008510393], "STATE_SLEEP": [0.01016144248626284, 0.00971305458213163], "STATE_SENSING": [0.00040545265583681806, 0.00038820932003469117]}}