{"0": [4.107339740855825], "1": [2.245502930830723, 2.5514154225967953, 2.941166059086429, 3.143811203937921, 3.232982457925267, 2.371774367333708, 2.6801010951736703, 2.994314066949918, 3.314912257942657, 3.3635885954477627, 2.312128329561992, 2.96204837251837, 3.9269975587205566, 3.7991943691048613, 3.6213779109633952, 3.2223174964519816, 3.548841454076704, 4.640119533663718, 3.481473414140677, 3.7136485601173246, 3.4884371384408817, 2.9142861541675735, 3.009458631863176, 3.3694267199910515, 3.7311052419825104, 4.051314188392697, 3.50468232727932, 3.2552229009232097, 2.733752256529387, 2.91362067907882, 3.7098793363163294, 3.521585556470626, 3.8211793134668905, 3.2643615396842947, 3.4750866164523737, 2.453302717991015, 3.209778551898941, 3.0953450584319264, 3.123971150934152, 2.512814328322927, 2.2731314428314193, 2.1972618790473812], "2": [1.9676135939347943, 2.2430707555607396, 2.5647348840748925, 3.8777225385323484, 3.0250898448721673, 2.996230794502163, 3.042776670659239, 2.9903479288922794, 3.35511100912632, 3.0296813538953122, 2.890248811435374, 3.766849045108115, 2.9936359604591276, 3.1436255760950336, 2.939997459262604, 2.685452047754943, 3.04918341894345, 2.3369413779118915, 2.6031823147452418, 1.9403632107293585, 1.9301512071459532], "3": [2.911264757856275, 2.8148280397247523, 1.596980070772917, 2.0638209172750255, 2.600552231819293, 2.771078596884864, 2.8480830505122445, 3.292780826941122, 2.6725819592404125, 2.6940303685344174, 1.8612077122598372, 2.0743954243424043, 2.5174332920915585, 2.7122461935665707, 2.851815050219627, 2.9147738957622686, 2.966983035863028, 2.9169140551230637, 2.8581655837816347, 1.8204999029690907, 2.1352277490641116, 2.542028067189887, 2.842452318312115, 2.8607829155984805, 2.817797735536513, 2.934218088919234, 2.7730036643197447, 2.7857592577044548, 2.767644964403974, 2.9049814534562493, 2.6345839624848337, 2.564186606577273, 2.710676831480989, 2.5385476872441757, 2.453528440420015, 2.7446555310673726, 2.643100775206233, 2.5606941626775837, 2.712690427884424, 2.8103016523507116, 2.656849268797214, 2.594241364670376, 2.728172502833891, 2.764158787048411, 2.781317596319885, 2.7573243729383714, 2.8816905339941594, 2.8281383577613752, 2.670593619326401, 3.0919314150600923, 2.5089214594002596, 2.3738204259425637, 2.5381884165012583, 2.111618488489847, 2.1630826266577095, 2.3467430153596207, 1.8920911604233996, 1.8856786452774432, 1.9816994462862947], "4": [1.7306887515814273, 2.037942205189973, 2.276209630783668, 2.4328830791375644, 2.5789895714202795, 1.7307150528146704, 1.9690833150624851, 2.2302357670973096, 2.8129487251289422, 2.6316718981707647, 2.713533558548352, 2.6167433671431177, 2.7975205663648643, 2.5371721190204903, 1.7294416290989814, 1.9546472873405958, 2.401661436282818, 2.6167624676532935, 2.6192359119005464, 2.695881523322424, 2.6079481833591793, 2.653284236173891, 2.939663573584229, 2.5487284837049082, 2.5258790943693192, 1.6915502153163127, 1.9053064945521887, 2.6738795778412006, 2.7029724119164054, 2.619626018155667, 2.6086973463669825, 2.6471659696462106, 2.6774446120534225, 2.6030848906097726, 2.6355558180518988, 2.713674835346955, 2.578372993492154, 2.613704609756096, 2.577993530429925, 2.600740753557986, 2.722927213668471, 2.4802637994691574, 2.460849629374803, 2.5146485852126297, 2.4665077727850973, 2.6412055562182393, 2.5150488068857557, 2.5756002362803145, 2.606802740742004, 2.6571244310395383, 2.4184311663857327, 2.630005280514312, 2.612547595644679, 2.551970371957933, 2.6133341767641056, 2.654634985906624, 2.5246273757158617, 2.562498507731425, 2.5774541755740334, 2.28380355879322, 2.3336761148731155, 2.4024861169349547, 2.03115510462469, 2.108171425609546, 2.1093862395957754, 1.7098983003594141, 1.7986807554141848, 1.7548104534953741], "5": [1.5690000248924458, 1.8249309713030095, 2.0781263795559433, 2.312763659291065, 2.389954428034499, 2.316625752158995, 2.4191025240482555, 1.5115657105115512, 1.9179830806278468, 2.1298099721197294, 2.2975283285656047, 2.4055468449369988, 2.4166368195688697, 2.372238049073157, 2.4529783386367052, 2.604473008126751, 2.480498557334101, 1.5458982407265334, 1.7777261332060932, 2.097240636803524, 2.3232565077439262, 2.466093420735406, 2.402570663335741, 2.536557855407306, 2.5487036372188734, 2.4567119857393838, 2.5271754044096624, 2.551617953654537, 2.63695794364853, 2.5466869917766486, 2.5935110487406607, 2.575767246708723, 2.5415362591124557, 2.572423653315734, 2.612089726187393, 2.478448372962836, 2.4686510883641812, 2.52104311609528, 2.4313956558486307, 2.467368763903709, 2.4260577675135484, 2.384159486538353, 2.4262238144637127, 2.418256102851274, 2.396809130102547, 2.450290514856959, 2.4576558861448694, 2.4178814705878944, 2.485603296644935, 2.3347092814480868, 2.4127522939278587, 2.420849914602886, 2.4838469502663427, 2.4403256610100734, 2.491998206521393, 2.467139478566247, 2.4077636018810056, 2.4403835871506687, 2.341208738512432, 2.365679512112792, 2.366112421772897, 2.438817202146434, 2.2566788881593745, 2.426401344085322, 2.426091125075462, 2.2575946966614286, 2.4927036994779583, 2.3853179791532004, 2.2593046646103265, 2.3509430588168296, 2.316477621793302, 2.3674928984584884, 2.2253083793011066, 2.0881344572138363, 2.1967722488422625, 1.857141660116473, 1.8450916535570183, 1.878270305515434, 1.5975950765711475, 1.4601717696442442, 1.5869888166756476, 1.6598548043240298], "6": [1.5273409226232735, 1.1285195087677948, 1.3376242525122581, 1.5891606686922692, 1.709156528149143, 1.7873442195682356, 1.7954918588854356, 1.786447715077941, 1.8367724497092237, 1.7178348464742357, 1.3099992332673671, 1.534985597156381, 1.735153406536694, 1.9523449650277216, 1.939943221740295, 2.1140532033984183, 2.0739174676532426, 2.069831395241008, 2.0170793572273396, 2.025897847974135, 2.073204086729301, 1.4238164198131213, 1.759225078354493, 1.984532039982467, 2.164835914739699, 2.177756209029151, 2.2379670934808007, 2.25663453301884, 2.1796651852451934, 2.237946778814508, 2.2212163448966216, 2.336397159080413, 2.3637334589339063, 2.2567468845326166, 2.35646985482902, 2.3588110734907324, 2.463136769267236, 2.462525217232183, 2.3534429215619945, 2.441139911931672, 2.4657765171693176, 2.4861197869340814, 2.421500725398011, 2.453953229483716, 2.501505626600326, 2.3337312365845864, 2.498322018584018, 2.375982283326789, 2.4417192954216422, 2.4593303232736905, 2.3885783599590114, 2.463416612260596, 2.450600995114632, 2.3694508684578266, 2.4996228845309605, 2.406251556811406, 2.356182714863608, 2.4140757828334527, 2.3868178673725606, 2.294208332923012, 2.3137840573572572, 2.4553417679609084, 2.3224381516494597, 2.4581134142610446, 2.449924405838619, 2.421876217211075, 2.237656202037774, 2.3362050066647857, 2.3741612455303467, 2.210895278430375, 2.2883278819321227, 2.1477697824323863, 2.2815268828604776, 2.257621578231179, 1.9902201816630385, 2.2755187090401496, 2.02158081695455, 2.2240503639520366, 1.9922840865710438, 1.7490504550090005, 2.2745444032635813, 2.087264378011623, 1.6935325543825732, 2.2550696574201146, 2.032278197204351, 2.13802597858573, 1.9895260977768912, 1.766268362528282, 2.0884220457474028, 1.8478756246391523, 1.5828698998299064, 1.4242989866590485, 1.738263568231846, 1.6208572262902814, 1.4319292329715354, 1.1988836299071022, 1.392052460842961, 1.2600962650919378, 1.0872738895565277],