{"0": [1.1562448018099318, 1.180488477009712, 1.043902936790755, 1.0468458135857313], "1": [1.1054343576293908, 1.130743389992466, 1.092320801865732, 1.1063004569710175, 1.115314613909297, 1.1217513435749387], "2": [1.0494423804683106, 1.0505943144980094, 1.1055363848528097, 1.1039373677881172, 1.0602093675372357, 1.0544798471521997, 1.0717008800598569, 1.059416894478405, 1.0644540934586868, 1.1066487744416766], "3": [1.0506011406373033, 1.0531031668850634, 1.0570631058591147, 1.049914619768148, 1.056775866167012, 1.106084911373515, 1.0575888348825218, 1.055989010639516, 1.0531429897228946], "4": [1.0003910411797927, 1.0, 1.002187681806012, 1.0492830630087326, 1.0049801340338982], "5": [1.000609912617426, 1.0450546279803374]}