{"0": [0.0, 0.0, 0.0, 0.0, 0.0, 0.0, 0.0, 0.0, 0.0, 0.0, 0.0, 0.0, 0.0, 0.0, 0.0, 0.0, 0.0, 0.0, 0.0, 0.0, 0.0, 0.0, 0.0, 0.0, 0.0, 0.0, 0.0, 0.0, 0.0, 0.0, 0.0, 0.0, 0.0, 0.0, 0.0, 0.0, 0.0, 0.0, 0.0, 0.0, 0.0, 0.0, 0.0, 0.0, 0.0, 0.0, 0.0, 0.0, 0.0, 0.0, 0.0, 0.0, 0.0, 0.0, 0.0, 0.0, 0.0, 0.0, 0.0, 0.0, 0.0, 0.0, 0.0, 0.0, 0.0, 0.0, 0.0, 0.0, 0.0, 0.0, 0.0, 0.0, 0.0, 0.0, 0.0, 0.0, 0.0, 0.0, 0.0, 0.0, 0.0, 0.0, 0.0, 0.0, 0.0, 0.0, 0.0, 0.0, 0.0, 0.0, 0.0, 0.0, 0.0, 0.0, 0.0, 0.0, 0.0, 0.0, 0.0, 0.0, 0.0, 0.0, 0.0, 0.0, 0.0, 0.0, 0.0, 0.0, 0.0, 0.0, 0.0, 0.0, 0.0, 0.0, 0.0, 0.0, 0.0, 0.0, 0.0, 0.0, 0.0, 0.0, 0.0, 0.0, 0.0, 0.0, 0.0, 0.0, 0.0, 0.0, 0.0, 0.0, 0.0, 0.0, 0.0, 0.0, 0.0, 0.0, 0.0, 0.0, 0.0, 0.0, 0.0, 0.0, 0.0, 0.0, 0.0, 0.0, 0.0, 0.0, 0.0, 0.0, 0.0, 0.0, 0.0, 0.0, 0.0, 0.0, 0.0, 0.0, 0.0, 0.0, 0.0, 0.0, 0.0, 0.0, 0.0, 0.0, 0.0, 0.0, 0.0, 0.0, 0.0, 0.0, 0.0, 0.0, 0.0, 0.0, 0.0, 0.0, 0.0, 0.0, 0.0, 0.0, 0.0, 0.0, 0.0, 0.0, 0.0, 0.0, 0.0, 0.0, 0.0, 0.0, 0.0, 0.0, 0.0, 0.0, 0.0, 0.0, 0.0, 0.0, 0.0, 0.0, 0.0, 0.0, 0.0, 0.0, 0.0, 0.0, 0.0, 0.0, 0.0, 0.0, 0.0, 0.0, 0.0, 0.0, 0.0, 0.0, 0.0, 0.0, 0.0, 0.0, 0.0, 0.0, 0.0, 0.0, 0.0, 0.0, 0.0, 0.0, 0.0, 0.0, 0.0, 0.0, 0.0, 0.0, 0.0, 0.0, 0.0, 0.0, 0.0, 0.0, 0.0, 0.0, 0.0, 0.0, 0.0, 0.0, 0.0, 0.0, 0.0, 0.0, 0.0, 0.0, 0.0, 0.0, 0.0, 0.0, 0.0, 0.0, 0.0, 0.0, 0.0, 0.0, 0.0, 0.0, 0.0, 0.0, 0.0, 0.0, 0.0, 0.0, 0.0, 0.0, 0.0, 0.0, 0.0, 0.0, 0.0, 0.0, 0.0, 0.0, 0.0, 0.0, 0.0, 0.0, 0.0, 0.0, 0.0, 0.0, 0.0, 0.0, 0.0, 0.0, 0.0, 0.0, 0.0, 0.0, 0.0, 0.0, 0.0, 0.0, 0.0, 0.0, 0.0, 0.0, 0.0, 0.0, 0.0, 0.0, 0.0, 0.0, 0.0, 0.0, 0.0, 0.0, 0.0, 0.0, 0.0, 0.0, 0.0, 0.0, 0.0, 0.0, 0.0, 0.0, 0.0, 0.0, 0.0, 0.0, 0.0], "1": [0.75, 0.9, 0.75, 0.9, 0.8181818181818181, 0.75, 0.75, 0.75, 0.75, 0.8181818181818181, 0.75, 0.75, 0.8333333333333334, 0.8181818181818181, 0.8181818181818181, 0.8333333333333334, 0.8235294117647058, 0.75, 0.75, 0.7857142857142857, 0.8333333333333334, 0.5454545454545454, 0.4, 0.8333333333333334, 0.9090909090909091, 0.9090909090909091, 0.8181818181818181, 0.7272727272727273, 0.75, 0.8235294117647058, 0.75, 0.8333333333333334, 0.7692307692307692, 0.5384615384615384, 0.9090909090909091, 0.9, 0.75, 0.8181818181818181, 0.75, 0.8461538461538461, 0.9666666666666667, 0.8181818181818181, 0.8181818181818181], "2": [0.75, 0.8333333333333334, 0.8666666666666667, 0.8333333333333334, 0.8235294117647058, 0.7692307692307692, 0.9333333333333333, 0.9375, 0.8947368421052632, 0.75, 0.8333333333333334, 0.8333333333333334, 0.9090909090909091, 0.8947368421052632, 0.75, 0.8125, 0.8571428571428572, 0.8333333333333334, 0.8333333333333334, 0.9375, 0.9047619047619048, 0.8235294117647058, 0.8235294117647058, 0.75, 0.8181818181818181, 0.85, 0.9885057471264368, 0.9444444444444444, 0.8823529411764706, 0.875, 0.8888888888888888, 0.9607843137254902, 0.8823529411764706, 0.9574468085106383, 0.9090909090909091, 0.8333333333333334], "3": [0.8823529411764706, 0.9375, 0.9333333333333333, 0.8571428571428572, 0.875, 0.7692307692307692, 0.8823529411764706, 0.8333333333333334, 0.9333333333333333, 0.9444444444444444, 0.9047619047619048, 0.9375, 0.8823529411764706, 0.8823529411764706], "4": [0.9411764705882353, 0.9375, 0.9130434782608696, 0.9375, 0.8571428571428572, 0.8823529411764706, 0.8636363636363636, 0.9375, 0.9444444444444444, 0.9090909090909091, 0.75, 0.9285714285714286, 0.75, 0.9, 0.8823529411764706, 0.875, 0.85, 0.9032258064516129, 0.9375, 0.9333333333333333, 0.8947368421052632], "5": [0.8823529411764706, 0.8823529411764706, 0.47619047619047616, 0.9375, 0.9130434782608696, 0.967741935483871, 0.9130434782608696, 0.9655172413793104, 0.96, 0.9523809523809523], "6": [0.8235294117647058, 0.8888888888888888, 0.7692307692307692, 0.9615384615384616, 0.9444444444444444, 0.9428571428571428, 0.9583333333333334, 0.9523809523809523, 0.8947368421052632, 0.9887640449438202, 0.9047619047619048, 0.8571428571428572, 0.9615384615384616, 0.9411764705882353, 0.975609756097561, 0.975, 0.8947368421052632], "7": [0.8947368421052632, 0.9444444444444444, 0.9411764705882353, 0.8947368421052632, 0.9791666666666666], "9": [0.8888888888888888, 0.95], "10": [0.9775280898876404], "11": [0.9791666666666666], "14": [0.9910313901345291]}