{"0": [1.0], "1": [1.0, 0.8888888888888888, 0.8181818181818182, 0.8181818181818182, 0.7777777777777778, 0.9090909090909091, 0.8888888888888888, 0.9, 0.8181818181818182, 0.9, 0.9, 0.9090909090909091, 1.0, 0.8888888888888888, 0.9, 1.0, 1.0, 1.0, 0.9090909090909091, 1.0, 0.9, 1.0, 0.9, 1.0, 0.9, 1.0, 0.9090909090909091, 0.8181818181818182, 0.8888888888888888, 1.0, 1.0, 1.0, 1.0, 1.0, 0.9, 0.7, 1.0, 1.0, 1.0, 0.9090909090909091, 0.7, 0.9090909090909091], "2": [1.0, 1.0, 0.7272727272727273, 1.0, 0.8888888888888888, 0.8888888888888888, 0.6363636363636364, 0.7777777777777778, 0.9090909090909091, 0.9090909090909091, 1.0, 0.8888888888888888, 0.9, 0.9090909090909091, 0.8888888888888888, 0.9090909090909091, 0.9, 0.7, 0.9090909090909091, 0.9090909090909091, 0.8888888888888888], "3": [0.8888888888888888, 0.7, 0.9090909090909091, 0.9, 0.5, 1.0, 0.8181818181818182, 0.6363636363636364, 0.4, 0.9090909090909091, 0.9, 0.8888888888888888, 0.8, 0.8, 0.6666666666666666, 1.0, 0.8181818181818182, 0.9, 0.6, 0.8888888888888888, 1.0, 0.7777777777777778, 0.9090909090909091, 0.8, 1.0, 0.9, 1.0, 0.9090909090909091, 0.9, 0.8888888888888888, 1.0, 0.7, 1.0, 0.8, 0.9, 0.9090909090909091, 0.8888888888888888, 1.0, 0.7, 0.8888888888888888, 0.9, 0.7272727272727273, 1.0, 0.9090909090909091, 0.9, 0.8181818181818182, 0.8888888888888888, 1.0, 0.8, 1.0, 0.9090909090909091, 0.8, 0.6363636363636364, 1.0, 0.9, 0.9090909090909091, 0.9090909090909091, 0.9, 1.0], "4": [0.5, 0.6666666666666666, 0.8181818181818182, 0.6, 0.8181818181818182, 0.9090909090909091, 0.8, 0.6, 0.8888888888888888, 0.8181818181818182, 0.8181818181818182, 0.7777777777777778, 0.9, 0.5555555555555556, 1.0, 0.7777777777777778, 0.9, 0.7272727272727273, 0.7, 0.7, 0.8181818181818182, 1.0, 0.7, 0.6, 0.6363636363636364, 0.9, 0.8181818181818182, 0.8, 0.8181818181818182, 0.9090909090909091, 0.36363636363636365, 0.6, 0.6666666666666666, 0.6, 0.7272727272727273, 0.6, 0.7777777777777778, 0.8888888888888888, 0.7272727272727273, 0.7, 0.8, 0.7272727272727273, 0.7777777777777778, 0.8181818181818182, 0.6, 0.6363636363636364, 0.8, 1.0, 0.8181818181818182, 0.9, 0.4444444444444444, 1.0, 0.6, 0.8888888888888888, 0.9090909090909091, 0.7, 0.8888888888888888, 0.7272727272727273, 1.0, 0.9, 0.9090909090909091, 1.0, 0.9090909090909091, 1.0, 0.8888888888888888, 0.9, 1.0, 0.9], "5": [0.7272727272727273, 0.6363636363636364, 0.8, 0.8181818181818182, 0.7272727272727273, 0.7777777777777778, 0.4, 0.5, 0.7777777777777778, 0.8181818181818182, 0.8, 0.0, 0.7, 0.6666666666666666, 0.7272727272727273, 0.8888888888888888, 0.6, 0.45454545454545453, 0.8888888888888888, 0.8888888888888888, 0.6363636363636364, 0.6, 0.8888888888888888, 0.7, 0.7, 0.6666666666666666, 0.5555555555555556, 1.0, 0.8, 0.8181818181818182, 0.6, 0.9090909090909091, 1.0, 0.8181818181818182, 0.7777777777777778, 0.8888888888888888, 0.1111111111111111, 0.4444444444444444, 0.7272727272727273, 0.8181818181818182, 0.5555555555555556, 0.8, 0.7777777777777778, 1.0, 0.8181818181818182, 0.5, 0.8181818181818182, 0.7272727272727273, 0.5555555555555556, 1.0, 0.6, 0.6666666666666666, 0.7777777777777778, 0.8, 0.8, 0.8888888888888888, 0.6363636363636364, 0.8181818181818182, 0.8181818181818182, 0.8888888888888888, 0.7, 0.7777777777777778, 0.6, 0.6, 0.6363636363636364, 0.45454545454545453, 0.9, 0.6363636363636364, 0.6363636363636364, 1.0, 1.0, 0.8, 0.9090909090909091, 0.9, 0.9, 1.0, 0.9, 0.8, 0.9090909090909091, 1.0, 0.9, 0.9090909090909091], "6": [0.1, 0.6666666666666666, 0.6666666666666666, 0.8, 0.8888888888888888, 0.8888888888888888, 0.8, 0.8, 0.6, 0.7272727272727273, 0.6363636363636364, 0.6363636363636364, 0.8888888888888888, 0.8181818181818182, 0.8888888888888888, 0.7, 0.7777777777777778, 0.45454545454545453, 0.8, 0.6363636363636364, 0.7272727272727273, 0.6, 0.6, 0.8, 0.8888888888888888, 0.8181818181818182, 0.7272727272727273, 0.4444444444444444, 0.7777777777777778, 0.6666666666666666, 0.8, 0.5, 0.5454545454545454, 0.8, 0.6, 0.7, 0.5, 0.9090909090909091, 0.9, 0.8181818181818182, 0.8181818181818182, 0.9090909090909091, 0.9, 0.9090909090909091, 0.7, 0.3333333333333333, 0.8, 0.6, 0.6363636363636364, 1.0, 0.8888888888888888, 0.7777777777777778, 0.6363636363636364, 0.7, 0.8888888888888888, 0.5454545454545454, 0.7272727272727273, 0.8, 0.4444444444444444, 0.6, 0.8, 0.5454545454545454, 0.6, 0.6, 0.4, 0.7777777777777778, 0.9, 0.6666666666666666, 0.7777777777777778, 0.8888888888888888, 0.5454545454545454, 0.8888888888888888, 0.8181818181818182, 0.7777777777777778, 0.6666666666666666, 0.7, 0.7777777777777778, 0.6666666666666666, 0.7272727272727273, 0.2727272727272727, 0.7272727272727273, 0.7777777777777778, 0.8888888888888888, 0.8, 0.9, 0.8888888888888888, 0.9, 0.8, 0.9090909090909091, 0.8, 0.8888888888888888, 0.8181818181818182, 0.9090909090909091, 0.9, 0.9090909090909091, 0.9090909090909091, 1.0, 0.9, 0.9090909090909091], "7": [0.6666666666666666, 1.0, 0.8888888888888888, 0.8, 0.9, 1.0, 0.6, 0.8, 0.8, 0.5555555555555556, 0.3333333333333333, 0.2727272727272727, 0.5555555555555556, 0.6363636363636364, 1.0, 0.3, 0.36363636363636365, 0.7, 0.9, 0.9, 0.5454545454545454, 0.6, 0.8888888888888888, 0.9, 0.5555555555555556, 1.0, 0.9, 0.7272727272727273, 0.8888888888888888, 1.0, 0.6666666666666666, 0.7272727272727273, 0.3, 0.6666666666666666, 0.5, 0.6666666666666666, 0.7, 0.5454545454545454, 0.5, 0.7, 0.8, 0.8, 0.45454545454545453, 0.5555555555555556, 0.7, 0.8, 0.8888888888888888, 0.8, 0.8, 0.8, 0.1, 0.8, 0.7272727272727273, 0.8888888888888888, 0.8888888888888888, 0.9, 0.8181818181818182, 0.8, 0.7272727272727273, 0.8, 0.6, 0.6363636363636364, 0.7777777777777778, 0.2, 0.2, 0.2222222222222222, 0.2222222222222222, 0.7777777777777778, 0.8888888888888888, 0.8], "8": [0.7777777777777778, 0.9, 1.0, 0.9, 0.5454545454545454, 0.5454545454545454, 0.7272727272727273, 0.5454545454545454, 0.5, 0.7272727272727273, 0.6, 0.7272727272727273, 0.6666666666666666, 0.6666666666666666, 0.5454545454545454, 0.8, 0.6666666666666666, 0.9, 0.6, 0.9, 0.7777777777777778, 0.8181818181818182, 0.7, 0.0, 0.4, 0.8181818181818182], "9": [0.5454545454545454, 0.5, 0.5555555555555556, 0.5, 0.7, 0.5454545454545454, 0.7, 0.5454545454545454, 0.6363636363636364, 0.9090909090909091, 0.45454545454545453, 0.7, 0.7777777777777778], "10": [0.5, 0.7, 0.6363636363636364]}