{"0": [0.0, 0.0, 0.0, 0.0425531914893617], "1": [0.02127659574468085, 0.0, 0.02127659574468085, 0.19148936170212766, 0.0, 0.06382978723404255, 0.0, 0.0851063829787234], "2": [0.02127659574468085, 0.0, 0.02127659574468085, 0.0, 0.0425531914893617, 0.0425531914893617, 0.14893617021276595, 0.1276595744680851, 0.0, 0.06382978723404255, 0.0, 0.0851063829787234], "3": [0.02127659574468085, 0.0, 0.3191489361702128, 0.0, 0.06382978723404255, 0.23404255319148937, 0.06382978723404255, 0.23404255319148937, 0.14893617021276595, 0.23404255319148937, 0.6170212765957447, 0.0851063829787234, 0.0, 0.2127659574468085, 0.0, 0.14893617021276595], "4": [0.02127659574468085, 0.0, 0.0425531914893617, 0.0, 0.2978723404255319, 0.02127659574468085, 0.06382978723404255, 0.19148936170212766, 0.06382978723404255, 0.0425531914893617, 0.14893617021276595, 0.3191489361702128, 0.2127659574468085, 0.06382978723404255, 0.19148936170212766, 0.2127659574468085, 0.0, 0.1276595744680851, 0.0, 0.1276595744680851], "5": [0.02127659574468085, 0.0, 0.02127659574468085, 0.0, 0.2978723404255319, 0.02127659574468085, 0.06382978723404255, 0.19148936170212766, 0.14893617021276595, 0.0425531914893617, 0.06382978723404255, 0.06382978723404255, 0.14893617021276595, 0.1702127659574468, 0.2127659574468085, 0.2127659574468085, 0.2127659574468085, 0.0851063829787234, 0.2553191489361702, 0.2127659574468085, 0.0, 0.1276595744680851, 0.0, 0.1276595744680851], "6": [0.02127659574468085, 0.0, 0.02127659574468085, 0.0, 0.2978723404255319, 0.02127659574468085, 0.14893617021276595, 0.19148936170212766, 0.06382978723404255, 0.06382978723404255, 0.14893617021276595, 0.23404255319148937, 0.2127659574468085, 0.2127659574468085, 0.23404255319148937, 0.2127659574468085, 0.19148936170212766, 0.1276595744680851, 0.0, 0.1276595744680851], "7": [0.02127659574468085, 0.0, 0.2978723404255319, 0.06382978723404255, 0.2978723404255319, 0.0425531914893617, 0.06382978723404255, 0.2127659574468085, 0.14893617021276595, 0.2127659574468085, 0.23404255319148937, 0.23404255319148937, 0.2127659574468085, 0.23404255319148937, 0.19148936170212766, 0.1276595744680851], "8": [0.02127659574468085, 0.0, 0.2978723404255319, 0.0425531914893617, 0.7446808510638298, 0.0425531914893617, 0.2978723404255319, 0.2127659574468085, 0.2127659574468085, 0.23404255319148937, 0.2127659574468085, 0.1276595744680851], "9": [0.2978723404255319, 0.0, 0.2978723404255319, 0.0425531914893617, 0.2978723404255319, 0.23404255319148937, 0.23404255319148937, 0.1276595744680851], "10": [0.2978723404255319, 0.0425531914893617, 0.23404255319148937, 0.1276595744680851]}