{"0": [1.5522575603631972, 1.5831046456450888, 1.458932011273997, 1.559690910917034], "1": [1.4037849332659655, 1.404924452726632, 1.3361472305157969, 1.310394284258099, 1.343464464786324, 1.3883862613773619, 1.2015390334756484, 1.3503491945441202], "2": [1.3214938895769557, 1.3263969630825299, 1.214547789759923, 1.1710442433408457, 1.2655393293166532, 1.23537108763467, 1.384838171900211, 1.274300146775729, 1.1748525065163655, 1.1860101556758451, 1.1430156934202023, 1.2582814812641943], "3": [1.1545362284713712, 1.2663606718856486, 1.1568997330460535, 1.2186492497781596, 1.138189526719304, 1.119138790173728, 1.142792410100642, 1.1973605272530958, 1.1608692238741303, 1.2183017089517503, 1.2835777901697047, 1.1772068674951872, 1.1381275101501838, 1.1389337225006713, 1.1084066416922738, 1.1495506376992142], "4": [1.1083324075252288, 1.108679513494798, 1.107056221314415, 1.1601397598196692, 1.1177919327054502, 1.112125976149093, 1.1068342737918841, 1.1318708989970447, 1.1138566679359783, 1.142136852833363, 1.1060307121911253, 1.172237441629923, 1.1429526250068218, 1.1296636813157441, 1.2582857879481666, 1.1447225613504952, 1.125041275089141, 1.1479168480870796, 1.1020985562432082, 1.1111167529363817], "5": [1.0511179556231038, 1.050490038624776, 1.1028535409944553, 1.0997704799652632, 1.1072981222112317, 1.108726795786553, 1.0978551764223368, 1.101893886459561, 1.0926475711489856, 1.0938302170524887, 1.059879477624401, 1.0501900571199032, 1.0572418678466002, 1.0763919391052101, 1.094203636730706, 1.127564064820036, 1.12791959814007, 1.1063287505000108, 1.2204651729860658, 1.0977057534278882, 1.0893282335893213, 1.1046165806092305, 1.0509657790113487, 1.0534317239257949], "6": [1.051495550797165, 1.053663697037363, 1.0937689550260221, 1.1038846141178182, 1.1032762702171792, 1.106004504955578, 1.088154580727049, 1.0944560690324348, 1.0508444052722161, 1.047561096100416, 1.052862733240634, 1.0536822001705375, 1.0908843913781316, 1.1068038309911967, 1.1368344689250829, 1.0908866924137923, 1.125339994498779, 1.090623093137324, 1.0475840127690643, 1.0565750956720628], "7": [1.0456104886687072, 1.0525812688166774, 1.0911945393148081, 1.0921673875804077, 1.115290895781618, 1.0994825243077964, 1.0653423461346248, 1.0479558922022798, 1.044847073231232, 1.053635148234756, 1.1006676282918204, 1.1064268398629804, 1.1004373341104958, 1.0903900797538004, 1.046455307195235, 1.0574122499771652], "8": [1.0456578537968615, 1.04919180325745, 1.0971305004424512, 1.0849966735318421, 1.0476244965596884, 1.0518686423850836, 1.0450459210803862, 1.0490515432675234, 1.0938458452236564, 1.090947579783803, 1.048260058710862, 1.0529840139830895], "9": [1.046275106719694, 1.0452759455561973, 1.0451852111079274, 1.0477275424020058, 1.0419166636629695, 1.0445588668332932, 1.048960780522609, 1.0462558950905594], "10": [1.0022009265902418, 1.0, 1.0012067613356377, 1.002360950017321]}