{"0": [0.9632352941176471, 0.9850746268656716, 0.98989898989899, 0.9931972789115646], "1": [0.9895833333333334, 0.9894736842105263, 0.9875, 0.971830985915493, 0.6451612903225806, 0.7023809523809523, 0.9803921568627451, 0.9873417721518988], "2": [0.979381443298969, 0.9895833333333334, 0.0, 0.0, 0.5813953488372092, 0.9861111111111112, 0.6923076923076923, 0.7272727272727273, 0.9591836734693877, 0.9615384615384616, 0.98, 0.5376344086021505], "3": [0.98, 0.9607843137254902, 0.9615384615384616, 0.9423076923076923, 0.96, 0.0, 0.9615384615384616, 0.9859154929577465, 0.9607843137254902, 0.8955223880597015, 0.6451612903225806, 0.9803921568627451, 0.0, 0.9791666666666666, 0.96, 0.9803921568627451], "4": [0.9607843137254902, 0.96, 0.0, 0.0, 0.9607843137254902, 0.9803921568627451, 0.9795918367346939, 0.96, 0.9607843137254902, 0.9795918367346939, 0.98, 0.9861111111111112, 0.9795918367346939, 0.9411764705882353, 0.9390243902439024, 0.9791666666666666, 0.9791666666666666, 0.0, 0.9795918367346939, 0.9803921568627451], "5": [0.0, 0.0, 0.98, 0.98, 0.96, 0.9607843137254902, 0.0, 0.9795918367346939, 0.9791666666666666, 0.0, 0.94, 0.9591836734693877, 0.96, 0.0, 0.9591836734693877, 0.9803921568627451, 0.0, 0.8367346938775511, 0.6219512195121951, 0.0, 0.0, 0.98, 0.9591836734693877, 0.0], "6": [0.9591836734693877, 0.96, 0.0, 0.0, 0.9795918367346939, 0.96, 0.0, 0.9591836734693877, 0.9591836734693877, 0.0, 0.9591836734693877, 0.94, 0.0, 0.92, 0.9803921568627451, 0.9591836734693877, 0.9591836734693877, 0.0, 0.0, 0.98], "7": [0.9791666666666666, 0.9591836734693877, 0.0, 0.0, 0.9795918367346939, 0.9795918367346939, 0.0, 0.0, 0.0, 0.9591836734693877, 0.8571428571428572, 0.96, 0.9795918367346939, 0.0, 0.0, 0.96], "8": [0.0, 0.9791666666666666, 0.9591836734693877, 0.0, 0.0, 0.9591836734693877, 0.9791666666666666, 0.0, 0.9387755102040817, 0.9591836734693877, 0.0, 0.9591836734693877], "9": [0.0, 0.0, 0.9791666666666666, 0.9791666666666666, 0.0, 0.0, 0.9791666666666666, 0.9791666666666666], "10": [0.0, 0.0, 0.0, 0.0]}