{"0": [0.0], "1": [0.0, 0.0, 0.09090909090909091, 0.09090909090909091, 0.2222222222222222, 0.0, 0.1111111111111111, 0.0, 0.09090909090909091, 0.0, 0.0, 0.0, 0.0, 0.0, 0.0, 0.0, 0.0, 0.0, 0.0, 0.0, 0.0, 0.0, 0.1, 0.0, 0.1, 0.0, 0.0, 0.0, 0.1111111111111111, 0.0, 0.0, 0.0, 0.0, 0.0, 0.0, 0.2, 0.0, 0.0, 0.0, 0.0, 0.2, 0.0], "2": [0.0, 0.0, 0.18181818181818182, 0.0, 0.0, 0.0, 0.2727272727272727, 0.2222222222222222, 0.0, 0.0, 0.0, 0.1111111111111111, 0.0, 0.0, 0.1111111111111111, 0.0, 0.0, 0.1, 0.0, 0.0, 0.1111111111111111], "3": [0.1111111111111111, 0.2, 0.0, 0.0, 0.4, 0.0, 0.09090909090909091, 0.36363636363636365, 0.4, 0.0, 0.0, 0.1111111111111111, 0.1, 0.1, 0.3333333333333333, 0.0, 0.0, 0.0, 0.3, 0.1111111111111111, 0.0, 0.2222222222222222, 0.0, 0.0, 0.0, 0.0, 0.0, 0.0, 0.1, 0.0, 0.0, 0.2, 0.0, 0.1, 0.0, 0.0, 0.1111111111111111, 0.0, 0.1, 0.1111111111111111, 0.0, 0.18181818181818182, 0.0, 0.0, 0.1, 0.09090909090909091, 0.0, 0.0, 0.1, 0.0, 0.0, 0.0, 0.18181818181818182, 0.0, 0.0, 0.0, 0.0, 0.0, 0.0], "4": [0.4, 0.3333333333333333, 0.09090909090909091, 0.3, 0.09090909090909091, 0.0, 0.1, 0.3, 0.1111111111111111, 0.09090909090909091, 0.09090909090909091, 0.2222222222222222, 0.0, 0.4444444444444444, 0.0, 0.2222222222222222, 0.0, 0.18181818181818182, 0.2, 0.2, 0.09090909090909091, 0.0, 0.2, 0.3, 0.2727272727272727, 0.0, 0.09090909090909091, 0.1, 0.09090909090909091, 0.0, 0.5454545454545454, 0.3, 0.3333333333333333, 0.3, 0.18181818181818182, 0.3, 0.2222222222222222, 0.1111111111111111, 0.09090909090909091, 0.2, 0.1, 0.09090909090909091, 0.2222222222222222, 0.09090909090909091, 0.2, 0.18181818181818182, 0.1, 0.0, 0.09090909090909091, 0.0, 0.5555555555555556, 0.0, 0.3, 0.0, 0.0, 0.3, 0.1111111111111111, 0.09090909090909091, 0.0, 0.0, 0.0, 0.0, 0.0, 0.0, 0.1111111111111111, 0.1, 0.0, 0.0], "5": [0.09090909090909091, 0.2727272727272727, 0.1, 0.09090909090909091, 0.18181818181818182, 0.2222222222222222, 0.5, 0.4, 0.2222222222222222, 0.09090909090909091, 0.1, 1.0, 0.2, 0.3333333333333333, 0.18181818181818182, 0.1111111111111111, 0.2, 0.45454545454545453, 0.1111111111111111, 0.1111111111111111, 0.2727272727272727, 0.3, 0.1111111111111111, 0.2, 0.2, 0.2222222222222222, 0.4444444444444444, 0.0, 0.1, 0.09090909090909091, 0.3, 0.0, 0.0, 0.09090909090909091, 0.2222222222222222, 0.1111111111111111, 0.8888888888888888, 0.5555555555555556, 0.18181818181818182, 0.09090909090909091, 0.4444444444444444, 0.1, 0.1111111111111111, 0.0, 0.09090909090909091, 0.4, 0.09090909090909091, 0.18181818181818182, 0.4444444444444444, 0.0, 0.2, 0.2222222222222222, 0.1111111111111111, 0.0, 0.0, 0.0, 0.18181818181818182, 0.09090909090909091, 0.09090909090909091, 0.0, 0.2, 0.2222222222222222, 0.3, 0.3, 0.2727272727272727, 0.45454545454545453, 0.0, 0.2727272727272727, 0.2727272727272727, 0.0, 0.0, 0.1, 0.0, 0.0, 0.0, 0.0, 0.0, 0.1, 0.0, 0.0, 0.0, 0.0], "6": [0.2, 0.3333333333333333, 0.3333333333333333, 0.1, 0.1111111111111111, 0.1111111111111111, 0.1, 0.1, 0.3, 0.2727272727272727, 0.18181818181818182, 0.18181818181818182, 0.1111111111111111, 0.0, 0.1111111111111111, 0.2, 0.2222222222222222, 0.45454545454545453, 0.1, 0.2727272727272727, 0.18181818181818182, 0.3, 0.3, 0.1, 0.1111111111111111, 0.09090909090909091, 0.18181818181818182, 0.5555555555555556, 0.2222222222222222, 0.3333333333333333, 0.1, 0.4, 0.2727272727272727, 0.1, 0.3, 0.3, 0.4, 0.09090909090909091, 0.0, 0.09090909090909091, 0.09090909090909091, 0.0, 0.0, 0.0, 0.2, 0.5555555555555556, 0.1, 0.3, 0.2727272727272727, 0.0, 0.1111111111111111, 0.2222222222222222, 0.2727272727272727, 0.2, 0.1111111111111111, 0.36363636363636365, 0.18181818181818182, 0.1, 0.4444444444444444, 0.2, 0.1, 0.36363636363636365, 0.2, 0.2, 0.4, 0.1111111111111111, 0.0, 0.3333333333333333, 0.1111111111111111, 0.1111111111111111, 0.36363636363636365, 0.1111111111111111, 0.09090909090909091, 0.2222222222222222, 0.3333333333333333, 0.2, 0.2222222222222222, 0.3333333333333333, 0.18181818181818182, 0.6363636363636364, 0.18181818181818182, 0.2222222222222222, 0.1111111111111111, 0.1, 0.0, 0.1111111111111111, 0.0, 0.1, 0.0, 0.1, 0.1111111111111111, 0.09090909090909091, 0.0, 0.0, 0.0, 0.0, 0.0, 0.0, 0.0], "7": [0.3333333333333333, 0.0, 0.1111111111111111, 0.1, 0.0, 0.0, 0.3, 0.1, 0.1, 0.3333333333333333, 0.5555555555555556, 0.5454545454545454, 0.3333333333333333, 0.2727272727272727, 0.0, 0.5, 0.45454545454545453, 0.2, 0.0, 0.0, 0.36363636363636365, 0.3, 0.1111111111111111, 0.0, 0.4444444444444444, 0.0, 0.0, 0.18181818181818182, 0.1111111111111111, 0.0, 0.3333333333333333, 0.18181818181818182, 0.4, 0.3333333333333333, 0.4, 0.3333333333333333, 0.3, 0.36363636363636365, 0.4, 0.1, 0.1, 0.1, 0.36363636363636365, 0.3333333333333333, 0.2, 0.1, 0.0, 0.1, 0.1, 0.1, 0.8, 0.1, 0.18181818181818182, 0.1111111111111111, 0.1111111111111111, 0.0, 0.09090909090909091, 0.1, 0.18181818181818182, 0.1, 0.3, 0.2727272727272727, 0.2222222222222222, 0.7, 0.7, 0.7777777777777778, 0.7777777777777778, 0.2222222222222222, 0.1111111111111111, 0.1], "8": [0.2222222222222222, 0.0, 0.0, 0.0, 0.36363636363636365, 0.36363636363636365, 0.18181818181818182, 0.36363636363636365, 0.4, 0.18181818181818182, 0.3, 0.18181818181818182, 0.3333333333333333, 0.3333333333333333, 0.36363636363636365, 0.1, 0.3333333333333333, 0.0, 0.2, 0.0, 0.2222222222222222, 0.09090909090909091, 0.1, 0.9090909090909091, 0.5, 0.09090909090909091], "9": [0.36363636363636365, 0.4, 0.4444444444444444, 0.4, 0.2, 0.36363636363636365, 0.2, 0.36363636363636365, 0.0, 0.0, 0.36363636363636365, 0.2, 0.2222222222222222], "10": [0.4, 0.2, 0.18181818181818182]}