{"0": [0.9803921568627451, 0.9722222222222222, 0.42000000000000004, 0.9607843137254902], "1": [0.9791666666666666, 0.98, 0.98, 0.9591836734693877, 0.98, 0.98], "2": [0.0, 0.0, 0.9591836734693877, 0.9591836734693877, 0.9795918367346939, 0.9791666666666666, 0.9591836734693877, 0.96, 0.96, 0.9795918367346939], "3": [0.0, 0.9791666666666666, 0.9591836734693877, 0.0, 0.9591836734693877, 0.9591836734693877, 0.9591836734693877, 0.9591836734693877, 0.0], "4": [0.0, 0.0, 0.9791666666666666, 0.0, 0.0], "5": [0.0, 0.0]}