{"0": [1.0, 1.0, 1.0, 0.9574468085106383], "1": [0.9574468085106383, 1.0, 0.9787234042553191, 0.8085106382978723, 1.0, 0.9361702127659575, 1.0, 0.9148936170212766], "2": [0.9574468085106383, 1.0, 0.9787234042553191, 1.0, 0.9574468085106383, 0.9574468085106383, 0.851063829787234, 0.8723404255319149, 1.0, 0.9361702127659575, 1.0, 0.9148936170212766], "3": [0.9574468085106383, 1.0, 0.6808510638297872, 1.0, 0.9361702127659575, 0.7659574468085106, 0.9361702127659575, 0.7659574468085106, 0.851063829787234, 0.7659574468085106, 0.3829787234042553, 0.9148936170212766, 1.0, 0.7872340425531915, 1.0, 0.851063829787234], "4": [0.9574468085106383, 1.0, 0.9361702127659575, 1.0, 0.7021276595744681, 0.9787234042553191, 0.9361702127659575, 0.8085106382978723, 0.9361702127659575, 0.9574468085106383, 0.851063829787234, 0.6595744680851063, 0.7872340425531915, 0.9361702127659575, 0.8085106382978723, 0.7872340425531915, 1.0, 0.8723404255319149, 1.0, 0.851063829787234], "5": [0.9574468085106383, 1.0, 0.9574468085106383, 1.0, 0.7021276595744681, 0.9787234042553191, 0.9361702127659575, 0.8085106382978723, 0.851063829787234, 0.9574468085106383, 0.9361702127659575, 0.9361702127659575, 0.851063829787234, 0.8085106382978723, 0.7872340425531915, 0.7872340425531915, 0.7872340425531915, 0.9148936170212766, 0.7446808510638298, 0.7872340425531915, 1.0, 0.851063829787234, 1.0, 0.851063829787234], "6": [0.9574468085106383, 1.0, 0.9574468085106383, 1.0, 0.7021276595744681, 0.9787234042553191, 0.851063829787234, 0.8085106382978723, 0.9148936170212766, 0.9361702127659575, 0.851063829787234, 0.7659574468085106, 0.7872340425531915, 0.7872340425531915, 0.7659574468085106, 0.7872340425531915, 0.8085106382978723, 0.851063829787234, 1.0, 0.851063829787234], "7": [0.9574468085106383, 1.0, 0.6808510638297872, 0.9361702127659575, 0.7021276595744681, 0.9574468085106383, 0.9148936170212766, 0.7872340425531915, 0.851063829787234, 0.7659574468085106, 0.7659574468085106, 0.7659574468085106, 0.7872340425531915, 0.7659574468085106, 0.8085106382978723, 0.851063829787234], "8": [0.9574468085106383, 1.0, 0.7021276595744681, 0.9574468085106383, 0.2553191489361702, 0.9574468085106383, 0.7021276595744681, 0.7659574468085106, 0.7872340425531915, 0.7659574468085106, 0.7872340425531915, 0.851063829787234], "9": [0.7021276595744681, 1.0, 0.7021276595744681, 0.9574468085106383, 0.7021276595744681, 0.7659574468085106, 0.7659574468085106, 0.851063829787234], "10": [0.7021276595744681, 0.9574468085106383, 0.7659574468085106, 0.851063829787234]}