{"0": [0.0, 0.0, 0.0, 0.0], "1": [0.0, 0.0, 0.0, 0.0, 0.574468085106383, 0.0], "2": [0.0, 0.0, 0.0, 0.02127659574468085, 0.0, 0.0, 0.5957446808510638, 0.0, 0.5957446808510638, 0.0], "3": [0.0, 0.02127659574468085, 0.0, 0.0, 0.6170212765957447, 0.5957446808510638, 0.0, 0.0, 0.0], "4": [0.0, 0.02127659574468085, 0.5957446808510638, 0.5957446808510638, 0.0], "5": [0.5957446808510638, 0.0]}