{"0": [1.0, 1.0, 1.0, 1.0], "1": [1.0, 1.0, 1.0, 1.0, 0.425531914893617, 1.0], "2": [1.0, 1.0, 1.0, 0.9787234042553191, 1.0, 1.0, 0.40425531914893614, 1.0, 0.40425531914893614, 1.0], "3": [1.0, 0.9787234042553191, 1.0, 1.0, 0.3829787234042553, 0.40425531914893614, 1.0, 1.0, 1.0], "4": [1.0, 0.9787234042553191, 0.40425531914893614, 0.40425531914893614, 1.0], "5": [0.40425531914893614, 1.0]}