{"0": {"STATE_INIT": [0.0, 0.0, 0.0], "STATE_CAD": [0.78562716098536, 0.750175563872712, 0.7440773775203778], "STATE_RX": [0.04402766751663628, 0.08763580035087938, 0.1038455658426617], "STATE_TX": [0.002946733111007749, 0.0028044141452175492, 0.0026066239791526793], "STATE_PREAMBLE_TX": [0.14464073401590677, 0.13765499119468488, 0.1279464381214929], "STATE_SLEEP": [0.022276126418821346, 0.021270911352120763, 0.02109799985307615], "STATE_SENSING": [0.00048157795226787644, 0.00045831908438530555, 0.00042599468323859706]}, "1": {"STATE_INIT": [0.0, 0.0, 0.0], "STATE_CAD": [0.7172878075093473, 0.6826851126084567, 0.6919470194847082], "STATE_RX": [0.12485689503551078, 0.17527918090938463, 0.16030701315501908], "STATE_TX": [0.002736734175179723, 0.0024414331511077164, 0.0025498398857037425], "STATE_PREAMBLE_TX": [0.1343329120732751, 0.11983802730822193, 0.12515918435690843], "STATE_SLEEP": [0.020338392907297418, 0.019357248104381684, 0.019620228530859776], "STATE_SENSING": [0.0004472582993896732, 0.0003989979184472881, 0.00041671458680073083]}, "2": {"STATE_INIT": [0.0, 0.0, 0.0, 0.0, 0.0], "STATE_CAD": [0.682201616977247, 0.6719974208219014, 0.6800476451166302, 0.7079306984380465, 0.7124335800380239], "STATE_RX": [0.1758991935748463, 0.17895877569733085, 0.17833212063420692, 0.1383414173491363, 0.13325573835545945], "STATE_TX": [0.00243898154517596, 0.002586925404626361, 0.0024346455078559535, 0.0026598667721762044, 0.0026689316861280765], "STATE_PREAMBLE_TX": [0.11971768994880437, 0.1269795313229402, 0.11950485505773693, 0.13055986674698047, 0.13100481909196615], "STATE_SLEEP": [0.01934392069591211, 0.019054571363609205, 0.01928284505436428, 0.020073454660733504, 0.020200753337034593], "STATE_SENSING": [0.00039859725801422245, 0.00042277538959191967, 0.0003978886292056853, 0.0004346960329270941, 0.0004361774913876922]}, "3": {"STATE_INIT": [0.0, 0.0, 0.0], "STATE_CAD": [0.7894624165817059, 0.704543481414117, 0.7446020489833766], "STATE_RX": [0.04738726003197187, 0.14000932026458474, 0.0934069655279488], "STATE_TX": [0.0028013837188391863, 0.0033251472883346895, 0.002803625751680217], "STATE_PREAMBLE_TX": [0.13750624236700512, 0.13170650437462872, 0.13761629280713591], "STATE_SLEEP": [0.02238487347184592, 0.019977032922154966, 0.02111287669085251], "STATE_SENSING": [0.0004578238286318916, 0.0004385137361797298, 0.00045819023900603743]}, "4": {"STATE_INIT": [0.0, 0.0], "STATE_CAD": [0.7437859287512812, 0.7827204167514955], "STATE_RX": [0.10262787881006558, 0.0463748454521089], "STATE_TX": [0.0026368218639380115, 0.003718851470420147], "STATE_PREAMBLE_TX": [0.12942870477291166, 0.14451103329578813], "STATE_SLEEP": [0.021089735946300238, 0.02219370691344374], "STATE_SENSING": [0.0004309298555031977, 0.0004811461167436213]}, "5": {"STATE_INIT": [0.0], "STATE_CAD": [0.7854779407508726], "STATE_RX": [0.0448255246878398], "STATE_TX": [0.0029339087419203666], "STATE_PREAMBLE_TX": [0.1440112483827625], "STATE_SLEEP": [0.022271895342078723], "STATE_SENSING": [0.00047948209452590505]}}