{"0": [1.0457418349874352, 1.098811349236242, 1.1259851682603745, 1.1485875013611218, 1.1911909346948155, 1.1506331044089064, 1.0, 1.0624091665622952, 1.0503128630737244, 1.0991203404651384, 1.1585249768739552, 1.1474341280114577, 1.2085159181953824, 1.1545900956325232, 1.0747172362583357], "1": [1.1484388513834065, 1.0466804032472212]}